--
-- PostgreSQL database dump
--

\restrict iba242nnbVfmeeddQysGc30eiWxTapHqPGU2UlUrc9KiaFe6K9tcCHzitdGUeMb

-- Dumped from database version 15.16
-- Dumped by pg_dump version 17.8 (Debian 17.8-0+deb13u1)

SET statement_timeout = 0;
SET lock_timeout = 0;
SET idle_in_transaction_session_timeout = 0;
SET transaction_timeout = 0;
SET client_encoding = 'UTF8';
SET standard_conforming_strings = on;
SELECT pg_catalog.set_config('search_path', '', false);
SET check_function_bodies = false;
SET xmloption = content;
SET client_min_messages = warning;
SET row_security = off;

SET default_tablespace = '';

SET default_table_access_method = heap;

--
-- Name: accounts_hiddenpaymentmethod; Type: TABLE; Schema: public; Owner: expenseuser
--

CREATE TABLE public.accounts_hiddenpaymentmethod (
    id bigint NOT NULL,
    payment_method_id integer NOT NULL,
    permission_id bigint NOT NULL
);


ALTER TABLE public.accounts_hiddenpaymentmethod OWNER TO expenseuser;

--
-- Name: accounts_hiddenpaymentmethod_id_seq; Type: SEQUENCE; Schema: public; Owner: expenseuser
--

ALTER TABLE public.accounts_hiddenpaymentmethod ALTER COLUMN id ADD GENERATED BY DEFAULT AS IDENTITY (
    SEQUENCE NAME public.accounts_hiddenpaymentmethod_id_seq
    START WITH 1
    INCREMENT BY 1
    NO MINVALUE
    NO MAXVALUE
    CACHE 1
);


--
-- Name: accounts_memberpermission; Type: TABLE; Schema: public; Owner: expenseuser
--

CREATE TABLE public.accounts_memberpermission (
    id bigint NOT NULL,
    can_view_expenses boolean NOT NULL,
    can_view_dashboard boolean NOT NULL,
    can_view_budget boolean NOT NULL,
    can_filter_search boolean NOT NULL,
    user_id bigint NOT NULL
);


ALTER TABLE public.accounts_memberpermission OWNER TO expenseuser;

--
-- Name: accounts_memberpermission_id_seq; Type: SEQUENCE; Schema: public; Owner: expenseuser
--

ALTER TABLE public.accounts_memberpermission ALTER COLUMN id ADD GENERATED BY DEFAULT AS IDENTITY (
    SEQUENCE NAME public.accounts_memberpermission_id_seq
    START WITH 1
    INCREMENT BY 1
    NO MINVALUE
    NO MAXVALUE
    CACHE 1
);


--
-- Name: accounts_user; Type: TABLE; Schema: public; Owner: expenseuser
--

CREATE TABLE public.accounts_user (
    id bigint NOT NULL,
    password character varying(128) NOT NULL,
    last_login timestamp with time zone,
    is_superuser boolean NOT NULL,
    username character varying(150) NOT NULL,
    first_name character varying(150) NOT NULL,
    last_name character varying(150) NOT NULL,
    email character varying(254) NOT NULL,
    is_staff boolean NOT NULL,
    is_active boolean NOT NULL,
    date_joined timestamp with time zone NOT NULL,
    role character varying(10) NOT NULL,
    display_name character varying(100) NOT NULL
);


ALTER TABLE public.accounts_user OWNER TO expenseuser;

--
-- Name: accounts_user_groups; Type: TABLE; Schema: public; Owner: expenseuser
--

CREATE TABLE public.accounts_user_groups (
    id bigint NOT NULL,
    user_id bigint NOT NULL,
    group_id integer NOT NULL
);


ALTER TABLE public.accounts_user_groups OWNER TO expenseuser;

--
-- Name: accounts_user_groups_id_seq; Type: SEQUENCE; Schema: public; Owner: expenseuser
--

ALTER TABLE public.accounts_user_groups ALTER COLUMN id ADD GENERATED BY DEFAULT AS IDENTITY (
    SEQUENCE NAME public.accounts_user_groups_id_seq
    START WITH 1
    INCREMENT BY 1
    NO MINVALUE
    NO MAXVALUE
    CACHE 1
);


--
-- Name: accounts_user_id_seq; Type: SEQUENCE; Schema: public; Owner: expenseuser
--

ALTER TABLE public.accounts_user ALTER COLUMN id ADD GENERATED BY DEFAULT AS IDENTITY (
    SEQUENCE NAME public.accounts_user_id_seq
    START WITH 1
    INCREMENT BY 1
    NO MINVALUE
    NO MAXVALUE
    CACHE 1
);


--
-- Name: accounts_user_user_permissions; Type: TABLE; Schema: public; Owner: expenseuser
--

CREATE TABLE public.accounts_user_user_permissions (
    id bigint NOT NULL,
    user_id bigint NOT NULL,
    permission_id integer NOT NULL
);


ALTER TABLE public.accounts_user_user_permissions OWNER TO expenseuser;

--
-- Name: accounts_user_user_permissions_id_seq; Type: SEQUENCE; Schema: public; Owner: expenseuser
--

ALTER TABLE public.accounts_user_user_permissions ALTER COLUMN id ADD GENERATED BY DEFAULT AS IDENTITY (
    SEQUENCE NAME public.accounts_user_user_permissions_id_seq
    START WITH 1
    INCREMENT BY 1
    NO MINVALUE
    NO MAXVALUE
    CACHE 1
);


--
-- Name: auth_group; Type: TABLE; Schema: public; Owner: expenseuser
--

CREATE TABLE public.auth_group (
    id integer NOT NULL,
    name character varying(150) NOT NULL
);


ALTER TABLE public.auth_group OWNER TO expenseuser;

--
-- Name: auth_group_id_seq; Type: SEQUENCE; Schema: public; Owner: expenseuser
--

ALTER TABLE public.auth_group ALTER COLUMN id ADD GENERATED BY DEFAULT AS IDENTITY (
    SEQUENCE NAME public.auth_group_id_seq
    START WITH 1
    INCREMENT BY 1
    NO MINVALUE
    NO MAXVALUE
    CACHE 1
);


--
-- Name: auth_group_permissions; Type: TABLE; Schema: public; Owner: expenseuser
--

CREATE TABLE public.auth_group_permissions (
    id bigint NOT NULL,
    group_id integer NOT NULL,
    permission_id integer NOT NULL
);


ALTER TABLE public.auth_group_permissions OWNER TO expenseuser;

--
-- Name: auth_group_permissions_id_seq; Type: SEQUENCE; Schema: public; Owner: expenseuser
--

ALTER TABLE public.auth_group_permissions ALTER COLUMN id ADD GENERATED BY DEFAULT AS IDENTITY (
    SEQUENCE NAME public.auth_group_permissions_id_seq
    START WITH 1
    INCREMENT BY 1
    NO MINVALUE
    NO MAXVALUE
    CACHE 1
);


--
-- Name: auth_permission; Type: TABLE; Schema: public; Owner: expenseuser
--

CREATE TABLE public.auth_permission (
    id integer NOT NULL,
    name character varying(255) NOT NULL,
    content_type_id integer NOT NULL,
    codename character varying(100) NOT NULL
);


ALTER TABLE public.auth_permission OWNER TO expenseuser;

--
-- Name: auth_permission_id_seq; Type: SEQUENCE; Schema: public; Owner: expenseuser
--

ALTER TABLE public.auth_permission ALTER COLUMN id ADD GENERATED BY DEFAULT AS IDENTITY (
    SEQUENCE NAME public.auth_permission_id_seq
    START WITH 1
    INCREMENT BY 1
    NO MINVALUE
    NO MAXVALUE
    CACHE 1
);


--
-- Name: django_admin_log; Type: TABLE; Schema: public; Owner: expenseuser
--

CREATE TABLE public.django_admin_log (
    id integer NOT NULL,
    action_time timestamp with time zone NOT NULL,
    object_id text,
    object_repr character varying(200) NOT NULL,
    action_flag smallint NOT NULL,
    change_message text NOT NULL,
    content_type_id integer,
    user_id bigint NOT NULL,
    CONSTRAINT django_admin_log_action_flag_check CHECK ((action_flag >= 0))
);


ALTER TABLE public.django_admin_log OWNER TO expenseuser;

--
-- Name: django_admin_log_id_seq; Type: SEQUENCE; Schema: public; Owner: expenseuser
--

ALTER TABLE public.django_admin_log ALTER COLUMN id ADD GENERATED BY DEFAULT AS IDENTITY (
    SEQUENCE NAME public.django_admin_log_id_seq
    START WITH 1
    INCREMENT BY 1
    NO MINVALUE
    NO MAXVALUE
    CACHE 1
);


--
-- Name: django_content_type; Type: TABLE; Schema: public; Owner: expenseuser
--

CREATE TABLE public.django_content_type (
    id integer NOT NULL,
    app_label character varying(100) NOT NULL,
    model character varying(100) NOT NULL
);


ALTER TABLE public.django_content_type OWNER TO expenseuser;

--
-- Name: django_content_type_id_seq; Type: SEQUENCE; Schema: public; Owner: expenseuser
--

ALTER TABLE public.django_content_type ALTER COLUMN id ADD GENERATED BY DEFAULT AS IDENTITY (
    SEQUENCE NAME public.django_content_type_id_seq
    START WITH 1
    INCREMENT BY 1
    NO MINVALUE
    NO MAXVALUE
    CACHE 1
);


--
-- Name: django_migrations; Type: TABLE; Schema: public; Owner: expenseuser
--

CREATE TABLE public.django_migrations (
    id bigint NOT NULL,
    app character varying(255) NOT NULL,
    name character varying(255) NOT NULL,
    applied timestamp with time zone NOT NULL
);


ALTER TABLE public.django_migrations OWNER TO expenseuser;

--
-- Name: django_migrations_id_seq; Type: SEQUENCE; Schema: public; Owner: expenseuser
--

ALTER TABLE public.django_migrations ALTER COLUMN id ADD GENERATED BY DEFAULT AS IDENTITY (
    SEQUENCE NAME public.django_migrations_id_seq
    START WITH 1
    INCREMENT BY 1
    NO MINVALUE
    NO MAXVALUE
    CACHE 1
);


--
-- Name: django_session; Type: TABLE; Schema: public; Owner: expenseuser
--

CREATE TABLE public.django_session (
    session_key character varying(40) NOT NULL,
    session_data text NOT NULL,
    expire_date timestamp with time zone NOT NULL
);


ALTER TABLE public.django_session OWNER TO expenseuser;

--
-- Name: expenses_budgetlimit; Type: TABLE; Schema: public; Owner: expenseuser
--

CREATE TABLE public.expenses_budgetlimit (
    id bigint NOT NULL,
    month date NOT NULL,
    amount numeric(12,2) NOT NULL,
    currency character varying(3) NOT NULL,
    category_id bigint NOT NULL
);


ALTER TABLE public.expenses_budgetlimit OWNER TO expenseuser;

--
-- Name: expenses_budgetlimit_id_seq; Type: SEQUENCE; Schema: public; Owner: expenseuser
--

ALTER TABLE public.expenses_budgetlimit ALTER COLUMN id ADD GENERATED BY DEFAULT AS IDENTITY (
    SEQUENCE NAME public.expenses_budgetlimit_id_seq
    START WITH 1
    INCREMENT BY 1
    NO MINVALUE
    NO MAXVALUE
    CACHE 1
);


--
-- Name: expenses_category; Type: TABLE; Schema: public; Owner: expenseuser
--

CREATE TABLE public.expenses_category (
    id bigint NOT NULL,
    name character varying(100) NOT NULL,
    color character varying(7) NOT NULL,
    icon character varying(50) NOT NULL,
    is_active boolean NOT NULL,
    "order" integer NOT NULL
);


ALTER TABLE public.expenses_category OWNER TO expenseuser;

--
-- Name: expenses_category_id_seq; Type: SEQUENCE; Schema: public; Owner: expenseuser
--

ALTER TABLE public.expenses_category ALTER COLUMN id ADD GENERATED BY DEFAULT AS IDENTITY (
    SEQUENCE NAME public.expenses_category_id_seq
    START WITH 1
    INCREMENT BY 1
    NO MINVALUE
    NO MAXVALUE
    CACHE 1
);


--
-- Name: expenses_paymentmethod; Type: TABLE; Schema: public; Owner: expenseuser
--

CREATE TABLE public.expenses_paymentmethod (
    id bigint NOT NULL,
    name character varying(100) NOT NULL,
    color character varying(7) NOT NULL,
    is_bank_account boolean NOT NULL,
    is_active boolean NOT NULL,
    "order" integer NOT NULL,
    starting_balance numeric(12,2) NOT NULL,
    starting_balance_date date,
    currency character varying(3) NOT NULL
);


ALTER TABLE public.expenses_paymentmethod OWNER TO expenseuser;

--
-- Name: expenses_paymentmethod_id_seq; Type: SEQUENCE; Schema: public; Owner: expenseuser
--

ALTER TABLE public.expenses_paymentmethod ALTER COLUMN id ADD GENERATED BY DEFAULT AS IDENTITY (
    SEQUENCE NAME public.expenses_paymentmethod_id_seq
    START WITH 1
    INCREMENT BY 1
    NO MINVALUE
    NO MAXVALUE
    CACHE 1
);


--
-- Name: expenses_recurringexpense; Type: TABLE; Schema: public; Owner: expenseuser
--

CREATE TABLE public.expenses_recurringexpense (
    id bigint NOT NULL,
    name character varying(255) NOT NULL,
    amount numeric(12,2) NOT NULL,
    currency character varying(3) NOT NULL,
    transaction_type character varying(15) NOT NULL,
    notes text NOT NULL,
    day_of_month integer NOT NULL,
    is_active boolean NOT NULL,
    start_date date NOT NULL,
    end_date date,
    last_added date,
    payment_method_id bigint NOT NULL,
    to_payment_method_id bigint,
    category_id bigint
);


ALTER TABLE public.expenses_recurringexpense OWNER TO expenseuser;

--
-- Name: expenses_recurringexpense_id_seq; Type: SEQUENCE; Schema: public; Owner: expenseuser
--

ALTER TABLE public.expenses_recurringexpense ALTER COLUMN id ADD GENERATED BY DEFAULT AS IDENTITY (
    SEQUENCE NAME public.expenses_recurringexpense_id_seq
    START WITH 1
    INCREMENT BY 1
    NO MINVALUE
    NO MAXVALUE
    CACHE 1
);


--
-- Name: expenses_sharedexpense; Type: TABLE; Schema: public; Owner: expenseuser
--

CREATE TABLE public.expenses_sharedexpense (
    id bigint NOT NULL,
    member_name character varying(100) NOT NULL,
    share_amount numeric(12,2) NOT NULL,
    currency character varying(3) NOT NULL,
    is_settled boolean NOT NULL,
    settled_date date,
    notes text NOT NULL,
    created_at timestamp with time zone NOT NULL,
    transaction_id bigint NOT NULL
);


ALTER TABLE public.expenses_sharedexpense OWNER TO expenseuser;

--
-- Name: expenses_sharedexpense_id_seq; Type: SEQUENCE; Schema: public; Owner: expenseuser
--

ALTER TABLE public.expenses_sharedexpense ALTER COLUMN id ADD GENERATED BY DEFAULT AS IDENTITY (
    SEQUENCE NAME public.expenses_sharedexpense_id_seq
    START WITH 1
    INCREMENT BY 1
    NO MINVALUE
    NO MAXVALUE
    CACHE 1
);


--
-- Name: expenses_transaction; Type: TABLE; Schema: public; Owner: expenseuser
--

CREATE TABLE public.expenses_transaction (
    id bigint NOT NULL,
    date date NOT NULL,
    name character varying(255) NOT NULL,
    amount numeric(12,2) NOT NULL,
    currency character varying(3) NOT NULL,
    transaction_type character varying(15) NOT NULL,
    notes text NOT NULL,
    is_hidden boolean NOT NULL,
    is_recurring_instance boolean NOT NULL,
    created_at timestamp with time zone NOT NULL,
    updated_at timestamp with time zone NOT NULL,
    payment_method_id bigint,
    to_payment_method_id bigint,
    category_id bigint,
    exchange_rate numeric(10,6),
    converted_amount numeric(12,2),
    paired_transaction_id bigint
);


ALTER TABLE public.expenses_transaction OWNER TO expenseuser;

--
-- Name: expenses_transaction_id_seq; Type: SEQUENCE; Schema: public; Owner: expenseuser
--

ALTER TABLE public.expenses_transaction ALTER COLUMN id ADD GENERATED BY DEFAULT AS IDENTITY (
    SEQUENCE NAME public.expenses_transaction_id_seq
    START WITH 1
    INCREMENT BY 1
    NO MINVALUE
    NO MAXVALUE
    CACHE 1
);


--
-- Name: expenses_transactionattachment; Type: TABLE; Schema: public; Owner: expenseuser
--

CREATE TABLE public.expenses_transactionattachment (
    id bigint NOT NULL,
    file character varying(100) NOT NULL,
    original_name character varying(255) NOT NULL,
    uploaded_at timestamp with time zone NOT NULL,
    transaction_id bigint NOT NULL
);


ALTER TABLE public.expenses_transactionattachment OWNER TO expenseuser;

--
-- Name: expenses_transactionattachment_id_seq; Type: SEQUENCE; Schema: public; Owner: expenseuser
--

ALTER TABLE public.expenses_transactionattachment ALTER COLUMN id ADD GENERATED BY DEFAULT AS IDENTITY (
    SEQUENCE NAME public.expenses_transactionattachment_id_seq
    START WITH 1
    INCREMENT BY 1
    NO MINVALUE
    NO MAXVALUE
    CACHE 1
);


--
-- Name: expenses_transactionauditlog; Type: TABLE; Schema: public; Owner: expenseuser
--

CREATE TABLE public.expenses_transactionauditlog (
    id bigint NOT NULL,
    transaction_id integer NOT NULL,
    transaction_name character varying(255) NOT NULL,
    action character varying(10) NOT NULL,
    changes text NOT NULL,
    "timestamp" timestamp with time zone NOT NULL,
    user_id bigint
);


ALTER TABLE public.expenses_transactionauditlog OWNER TO expenseuser;

--
-- Name: expenses_transactionauditlog_id_seq; Type: SEQUENCE; Schema: public; Owner: expenseuser
--

ALTER TABLE public.expenses_transactionauditlog ALTER COLUMN id ADD GENERATED BY DEFAULT AS IDENTITY (
    SEQUENCE NAME public.expenses_transactionauditlog_id_seq
    START WITH 1
    INCREMENT BY 1
    NO MINVALUE
    NO MAXVALUE
    CACHE 1
);


--
-- Name: expenses_transactiontemplate; Type: TABLE; Schema: public; Owner: expenseuser
--

CREATE TABLE public.expenses_transactiontemplate (
    id bigint NOT NULL,
    label character varying(100) NOT NULL,
    name character varying(255) NOT NULL,
    amount numeric(12,2) NOT NULL,
    currency character varying(3) NOT NULL,
    transaction_type character varying(15) NOT NULL,
    notes text NOT NULL,
    created_at timestamp with time zone NOT NULL,
    category_id bigint,
    payment_method_id bigint
);


ALTER TABLE public.expenses_transactiontemplate OWNER TO expenseuser;

--
-- Name: expenses_transactiontemplate_id_seq; Type: SEQUENCE; Schema: public; Owner: expenseuser
--

ALTER TABLE public.expenses_transactiontemplate ALTER COLUMN id ADD GENERATED BY DEFAULT AS IDENTITY (
    SEQUENCE NAME public.expenses_transactiontemplate_id_seq
    START WITH 1
    INCREMENT BY 1
    NO MINVALUE
    NO MAXVALUE
    CACHE 1
);


--
-- Name: expenses_userpreference; Type: TABLE; Schema: public; Owner: expenseuser
--

CREATE TABLE public.expenses_userpreference (
    id bigint NOT NULL,
    theme character varying(5) NOT NULL,
    default_currency character varying(3) NOT NULL,
    user_id bigint NOT NULL
);


ALTER TABLE public.expenses_userpreference OWNER TO expenseuser;

--
-- Name: expenses_userpreference_id_seq; Type: SEQUENCE; Schema: public; Owner: expenseuser
--

ALTER TABLE public.expenses_userpreference ALTER COLUMN id ADD GENERATED BY DEFAULT AS IDENTITY (
    SEQUENCE NAME public.expenses_userpreference_id_seq
    START WITH 1
    INCREMENT BY 1
    NO MINVALUE
    NO MAXVALUE
    CACHE 1
);


--
-- Data for Name: accounts_hiddenpaymentmethod; Type: TABLE DATA; Schema: public; Owner: expenseuser
--

COPY public.accounts_hiddenpaymentmethod (id, payment_method_id, permission_id) FROM stdin;
2	2	1
3	3	1
\.


--
-- Data for Name: accounts_memberpermission; Type: TABLE DATA; Schema: public; Owner: expenseuser
--

COPY public.accounts_memberpermission (id, can_view_expenses, can_view_dashboard, can_view_budget, can_filter_search, user_id) FROM stdin;
1	t	t	t	t	2
\.


--
-- Data for Name: accounts_user; Type: TABLE DATA; Schema: public; Owner: expenseuser
--

COPY public.accounts_user (id, password, last_login, is_superuser, username, first_name, last_name, email, is_staff, is_active, date_joined, role, display_name) FROM stdin;
2	pbkdf2_sha256$600000$x6kvYILqb1mR4Y0ONeZ3Hd$xVBLK9xlvxedoYx5ne4GKAZjpFUQq6bX1GkStgHz7nk=	2026-03-02 16:55:17.626324+00	f	expensesUser				f	t	2026-02-24 14:36:35.020363+00	member	expensesUser
1	pbkdf2_sha256$600000$MSqQebUpw6x4atnHi2sQXO$uAZG4Z7Cl580lazEj8t1ZJHAPyCxvBYKMv7FUz8A2nI=	2026-03-03 01:50:28.959903+00	t	admin			admin@example.com	t	t	2026-02-23 14:16:10.512683+00	admin	Admin
\.


--
-- Data for Name: accounts_user_groups; Type: TABLE DATA; Schema: public; Owner: expenseuser
--

COPY public.accounts_user_groups (id, user_id, group_id) FROM stdin;
\.


--
-- Data for Name: accounts_user_user_permissions; Type: TABLE DATA; Schema: public; Owner: expenseuser
--

COPY public.accounts_user_user_permissions (id, user_id, permission_id) FROM stdin;
\.


--
-- Data for Name: auth_group; Type: TABLE DATA; Schema: public; Owner: expenseuser
--

COPY public.auth_group (id, name) FROM stdin;
\.


--
-- Data for Name: auth_group_permissions; Type: TABLE DATA; Schema: public; Owner: expenseuser
--

COPY public.auth_group_permissions (id, group_id, permission_id) FROM stdin;
\.


--
-- Data for Name: auth_permission; Type: TABLE DATA; Schema: public; Owner: expenseuser
--

COPY public.auth_permission (id, name, content_type_id, codename) FROM stdin;
1	Can add log entry	1	add_logentry
2	Can change log entry	1	change_logentry
3	Can delete log entry	1	delete_logentry
4	Can view log entry	1	view_logentry
5	Can add permission	2	add_permission
6	Can change permission	2	change_permission
7	Can delete permission	2	delete_permission
8	Can view permission	2	view_permission
9	Can add group	3	add_group
10	Can change group	3	change_group
11	Can delete group	3	delete_group
12	Can view group	3	view_group
13	Can add content type	4	add_contenttype
14	Can change content type	4	change_contenttype
15	Can delete content type	4	delete_contenttype
16	Can view content type	4	view_contenttype
17	Can add session	5	add_session
18	Can change session	5	change_session
19	Can delete session	5	delete_session
20	Can view session	5	view_session
21	Can add user	6	add_user
22	Can change user	6	change_user
23	Can delete user	6	delete_user
24	Can view user	6	view_user
25	Can add member permission	7	add_memberpermission
26	Can change member permission	7	change_memberpermission
27	Can delete member permission	7	delete_memberpermission
28	Can view member permission	7	view_memberpermission
29	Can add hidden payment method	8	add_hiddenpaymentmethod
30	Can change hidden payment method	8	change_hiddenpaymentmethod
31	Can delete hidden payment method	8	delete_hiddenpaymentmethod
32	Can view hidden payment method	8	view_hiddenpaymentmethod
33	Can add category	9	add_category
34	Can change category	9	change_category
35	Can delete category	9	delete_category
36	Can view category	9	view_category
37	Can add payment method	10	add_paymentmethod
38	Can change payment method	10	change_paymentmethod
39	Can delete payment method	10	delete_paymentmethod
40	Can view payment method	10	view_paymentmethod
41	Can add transaction	11	add_transaction
42	Can change transaction	11	change_transaction
43	Can delete transaction	11	delete_transaction
44	Can view transaction	11	view_transaction
45	Can add budget limit	12	add_budgetlimit
46	Can change budget limit	12	change_budgetlimit
47	Can delete budget limit	12	delete_budgetlimit
48	Can view budget limit	12	view_budgetlimit
49	Can add recurring expense	13	add_recurringexpense
50	Can change recurring expense	13	change_recurringexpense
51	Can delete recurring expense	13	delete_recurringexpense
52	Can view recurring expense	13	view_recurringexpense
53	Can add transaction audit log	14	add_transactionauditlog
54	Can change transaction audit log	14	change_transactionauditlog
55	Can delete transaction audit log	14	delete_transactionauditlog
56	Can view transaction audit log	14	view_transactionauditlog
57	Can add transaction template	15	add_transactiontemplate
58	Can change transaction template	15	change_transactiontemplate
59	Can delete transaction template	15	delete_transactiontemplate
60	Can view transaction template	15	view_transactiontemplate
61	Can add transaction attachment	16	add_transactionattachment
62	Can change transaction attachment	16	change_transactionattachment
63	Can delete transaction attachment	16	delete_transactionattachment
64	Can view transaction attachment	16	view_transactionattachment
65	Can add shared expense	17	add_sharedexpense
66	Can change shared expense	17	change_sharedexpense
67	Can delete shared expense	17	delete_sharedexpense
68	Can view shared expense	17	view_sharedexpense
69	Can add user preference	18	add_userpreference
70	Can change user preference	18	change_userpreference
71	Can delete user preference	18	delete_userpreference
72	Can view user preference	18	view_userpreference
\.


--
-- Data for Name: django_admin_log; Type: TABLE DATA; Schema: public; Owner: expenseuser
--

COPY public.django_admin_log (id, action_time, object_id, object_repr, action_flag, change_message, content_type_id, user_id) FROM stdin;
\.


--
-- Data for Name: django_content_type; Type: TABLE DATA; Schema: public; Owner: expenseuser
--

COPY public.django_content_type (id, app_label, model) FROM stdin;
1	admin	logentry
2	auth	permission
3	auth	group
4	contenttypes	contenttype
5	sessions	session
6	accounts	user
7	accounts	memberpermission
8	accounts	hiddenpaymentmethod
9	expenses	category
10	expenses	paymentmethod
11	expenses	transaction
12	expenses	budgetlimit
13	expenses	recurringexpense
14	expenses	transactionauditlog
15	expenses	transactiontemplate
16	expenses	transactionattachment
17	expenses	sharedexpense
18	expenses	userpreference
\.


--
-- Data for Name: django_migrations; Type: TABLE DATA; Schema: public; Owner: expenseuser
--

COPY public.django_migrations (id, app, name, applied) FROM stdin;
1	contenttypes	0001_initial	2026-02-23 14:16:02.794596+00
2	contenttypes	0002_remove_content_type_name	2026-02-23 14:16:02.828041+00
3	auth	0001_initial	2026-02-23 14:16:03.314494+00
4	auth	0002_alter_permission_name_max_length	2026-02-23 14:16:03.32694+00
5	auth	0003_alter_user_email_max_length	2026-02-23 14:16:03.343102+00
6	auth	0004_alter_user_username_opts	2026-02-23 14:16:03.360113+00
7	auth	0005_alter_user_last_login_null	2026-02-23 14:16:03.376817+00
8	auth	0006_require_contenttypes_0002	2026-02-23 14:16:03.389454+00
9	auth	0007_alter_validators_add_error_messages	2026-02-23 14:16:03.403332+00
10	auth	0008_alter_user_username_max_length	2026-02-23 14:16:03.419912+00
11	auth	0009_alter_user_last_name_max_length	2026-02-23 14:16:03.437382+00
12	auth	0010_alter_group_name_max_length	2026-02-23 14:16:03.474426+00
13	auth	0011_update_proxy_permissions	2026-02-23 14:16:03.495027+00
14	auth	0012_alter_user_first_name_max_length	2026-02-23 14:16:03.511566+00
15	accounts	0001_initial	2026-02-23 14:16:04.250428+00
16	admin	0001_initial	2026-02-23 14:16:04.442221+00
17	admin	0002_logentry_remove_auto_add	2026-02-23 14:16:04.470246+00
18	admin	0003_logentry_add_action_flag_choices	2026-02-23 14:16:04.497125+00
19	expenses	0001_initial	2026-02-23 14:16:05.488846+00
20	sessions	0001_initial	2026-02-23 14:16:05.702391+00
21	expenses	0002_paymentmethod_currency_transaction_exchange	2026-03-02 16:00:01.306249+00
22	expenses	0003_batch2	2026-03-04 03:47:50.413788+00
23	expenses	0004_alter_budgetlimit_id_alter_category_id_and_more	2026-03-04 07:26:26.886796+00
24	expenses	0004_tw_withdrawal_type	2026-03-04 07:28:58.722443+00
\.


--
-- Data for Name: django_session; Type: TABLE DATA; Schema: public; Owner: expenseuser
--

COPY public.django_session (session_key, session_data, expire_date) FROM stdin;
n3v1qcr8b0hebrkvjlhtgw0eixn08uj8	.eJxVjMsOwiAQRf-FtSFQKA-X7v0GMjMMUjU0Ke3K-O_apAvd3nPOfYkE21rT1nlJUxZnocXpd0OgB7cd5Du02yxpbusyodwVedAur3Pm5-Vw_w4q9PqtHRftITilBmesA-uISQdjig8A4K11aAtbpZj9yHpAJI8RaTSFYgzi_QHYoTgI:1vx6YK:UHVN9PZd_XykV6b8Ak9a7Wj2-mCjMANLWawC74Ia5Iw	2026-03-16 16:55:28.831285+00
kznnugahsqhfh7e4dphs8nf5ohrsq8vr	.eJxVjMsOwiAQRf-FtSFQKA-X7v0GMjMMUjU0Ke3K-O_apAvd3nPOfYkE21rT1nlJUxZnocXpd0OgB7cd5Du02yxpbusyodwVedAur3Pm5-Vw_w4q9PqtHRftITilBmesA-uISQdjig8A4K11aAtbpZj9yHpAJI8RaTSFYgzi_QHYoTgI:1vxEu4:K52N63QIm4Exm_ECk06D2GO_GJ9lTLaijIM0gd792-8	2026-03-17 01:50:28.969108+00
\.


--
-- Data for Name: expenses_budgetlimit; Type: TABLE DATA; Schema: public; Owner: expenseuser
--

COPY public.expenses_budgetlimit (id, month, amount, currency, category_id) FROM stdin;
\.


--
-- Data for Name: expenses_category; Type: TABLE DATA; Schema: public; Owner: expenseuser
--

COPY public.expenses_category (id, name, color, icon, is_active, "order") FROM stdin;
1	Food	#fd7e14	cart	t	1
2	Transportation	#0d6efd	car-front	t	2
3	General	#6c757d	bag	t	3
4	Income	#198754	cash-stack	t	4
6	Shopee	#fd810d	tag	t	0
7	Lazada	#6ba6ff	tag	t	0
8	Clothes	#fd0de9	tag	t	0
\.


--
-- Data for Name: expenses_paymentmethod; Type: TABLE DATA; Schema: public; Owner: expenseuser
--

COPY public.expenses_paymentmethod (id, name, color, is_bank_account, is_active, "order", starting_balance, starting_balance_date, currency) FROM stdin;
1	Cash	#198754	f	t	1	0.00	2025-12-26	TWD
2	iPass	#0dcaf0	f	t	2	0.00	2025-12-26	TWD
3	Taishin Bank	#dc3545	t	t	3	0.00	2025-12-26	TWD
4	LINE Pay	#00b900	f	t	4	0.00	2025-12-26	TWD
5	BDO	#003087	t	t	5	0.00	2026-03-04	PHP
6	Landbank	#00843D	t	t	6	0.00	2026-03-04	PHP
7	GoTyme	#FF6B35	t	t	7	0.00	2026-03-04	PHP
8	GCash	#007DFF	f	t	8	0.00	2026-03-04	PHP
\.


--
-- Data for Name: expenses_recurringexpense; Type: TABLE DATA; Schema: public; Owner: expenseuser
--

COPY public.expenses_recurringexpense (id, name, amount, currency, transaction_type, notes, day_of_month, is_active, start_date, end_date, last_added, payment_method_id, to_payment_method_id, category_id) FROM stdin;
1	Netflix	449.00	PHP	expense		24	t	2026-03-04	\N	\N	8	\N	3
\.


--
-- Data for Name: expenses_sharedexpense; Type: TABLE DATA; Schema: public; Owner: expenseuser
--

COPY public.expenses_sharedexpense (id, member_name, share_amount, currency, is_settled, settled_date, notes, created_at, transaction_id) FROM stdin;
\.


--
-- Data for Name: expenses_transaction; Type: TABLE DATA; Schema: public; Owner: expenseuser
--

COPY public.expenses_transaction (id, date, name, amount, currency, transaction_type, notes, is_hidden, is_recurring_instance, created_at, updated_at, payment_method_id, to_payment_method_id, category_id, exchange_rate, converted_amount, paired_transaction_id) FROM stdin;
\.


--
-- Data for Name: expenses_transactionattachment; Type: TABLE DATA; Schema: public; Owner: expenseuser
--

COPY public.expenses_transactionattachment (id, file, original_name, uploaded_at, transaction_id) FROM stdin;
\.


--
-- Data for Name: expenses_transactionauditlog; Type: TABLE DATA; Schema: public; Owner: expenseuser
--

COPY public.expenses_transactionauditlog (id, transaction_id, transaction_name, action, changes, "timestamp", user_id) FROM stdin;
1	4278	Income February	created	{}	2026-03-04 04:13:08.528295+00	1
2	4279	Withdraw	created	{}	2026-03-04 04:13:42.9019+00	1
3	4280	Herschel Bag	created	{}	2026-03-04 04:15:29.62617+00	1
4	4281	Herschel Pants	created	{}	2026-03-04 04:16:39.461526+00	1
5	4282	Converted to Cash	created	{}	2026-03-04 04:17:36.333924+00	1
6	4280	Herschel Bag	updated	{"category": {"from": "General", "to": "Clothes"}}	2026-03-04 04:19:24.251678+00	1
\.


--
-- Data for Name: expenses_transactiontemplate; Type: TABLE DATA; Schema: public; Owner: expenseuser
--

COPY public.expenses_transactiontemplate (id, label, name, amount, currency, transaction_type, notes, created_at, category_id, payment_method_id) FROM stdin;
\.


--
-- Data for Name: expenses_userpreference; Type: TABLE DATA; Schema: public; Owner: expenseuser
--

COPY public.expenses_userpreference (id, theme, default_currency, user_id) FROM stdin;
1	dark	TWD	1
\.


--
-- Name: accounts_hiddenpaymentmethod_id_seq; Type: SEQUENCE SET; Schema: public; Owner: expenseuser
--

SELECT pg_catalog.setval('public.accounts_hiddenpaymentmethod_id_seq', 3, true);


--
-- Name: accounts_memberpermission_id_seq; Type: SEQUENCE SET; Schema: public; Owner: expenseuser
--

SELECT pg_catalog.setval('public.accounts_memberpermission_id_seq', 1, true);


--
-- Name: accounts_user_groups_id_seq; Type: SEQUENCE SET; Schema: public; Owner: expenseuser
--

SELECT pg_catalog.setval('public.accounts_user_groups_id_seq', 1, false);


--
-- Name: accounts_user_id_seq; Type: SEQUENCE SET; Schema: public; Owner: expenseuser
--

SELECT pg_catalog.setval('public.accounts_user_id_seq', 2, true);


--
-- Name: accounts_user_user_permissions_id_seq; Type: SEQUENCE SET; Schema: public; Owner: expenseuser
--

SELECT pg_catalog.setval('public.accounts_user_user_permissions_id_seq', 1, false);


--
-- Name: auth_group_id_seq; Type: SEQUENCE SET; Schema: public; Owner: expenseuser
--

SELECT pg_catalog.setval('public.auth_group_id_seq', 1, false);


--
-- Name: auth_group_permissions_id_seq; Type: SEQUENCE SET; Schema: public; Owner: expenseuser
--

SELECT pg_catalog.setval('public.auth_group_permissions_id_seq', 1, false);


--
-- Name: auth_permission_id_seq; Type: SEQUENCE SET; Schema: public; Owner: expenseuser
--

SELECT pg_catalog.setval('public.auth_permission_id_seq', 72, true);


--
-- Name: django_admin_log_id_seq; Type: SEQUENCE SET; Schema: public; Owner: expenseuser
--

SELECT pg_catalog.setval('public.django_admin_log_id_seq', 1, false);


--
-- Name: django_content_type_id_seq; Type: SEQUENCE SET; Schema: public; Owner: expenseuser
--

SELECT pg_catalog.setval('public.django_content_type_id_seq', 18, true);


--
-- Name: django_migrations_id_seq; Type: SEQUENCE SET; Schema: public; Owner: expenseuser
--

SELECT pg_catalog.setval('public.django_migrations_id_seq', 24, true);


--
-- Name: expenses_budgetlimit_id_seq; Type: SEQUENCE SET; Schema: public; Owner: expenseuser
--

SELECT pg_catalog.setval('public.expenses_budgetlimit_id_seq', 1, false);


--
-- Name: expenses_category_id_seq; Type: SEQUENCE SET; Schema: public; Owner: expenseuser
--

SELECT pg_catalog.setval('public.expenses_category_id_seq', 8, true);


--
-- Name: expenses_paymentmethod_id_seq; Type: SEQUENCE SET; Schema: public; Owner: expenseuser
--

SELECT pg_catalog.setval('public.expenses_paymentmethod_id_seq', 9, true);


--
-- Name: expenses_recurringexpense_id_seq; Type: SEQUENCE SET; Schema: public; Owner: expenseuser
--

SELECT pg_catalog.setval('public.expenses_recurringexpense_id_seq', 1, true);


--
-- Name: expenses_sharedexpense_id_seq; Type: SEQUENCE SET; Schema: public; Owner: expenseuser
--

SELECT pg_catalog.setval('public.expenses_sharedexpense_id_seq', 1, false);


--
-- Name: expenses_transaction_id_seq; Type: SEQUENCE SET; Schema: public; Owner: expenseuser
--

SELECT pg_catalog.setval('public.expenses_transaction_id_seq', 4957, true);


--
-- Name: expenses_transactionattachment_id_seq; Type: SEQUENCE SET; Schema: public; Owner: expenseuser
--

SELECT pg_catalog.setval('public.expenses_transactionattachment_id_seq', 1, false);


--
-- Name: expenses_transactionauditlog_id_seq; Type: SEQUENCE SET; Schema: public; Owner: expenseuser
--

SELECT pg_catalog.setval('public.expenses_transactionauditlog_id_seq', 6, true);


--
-- Name: expenses_transactiontemplate_id_seq; Type: SEQUENCE SET; Schema: public; Owner: expenseuser
--

SELECT pg_catalog.setval('public.expenses_transactiontemplate_id_seq', 1, false);


--
-- Name: expenses_userpreference_id_seq; Type: SEQUENCE SET; Schema: public; Owner: expenseuser
--

SELECT pg_catalog.setval('public.expenses_userpreference_id_seq', 1, true);


--
-- Name: accounts_hiddenpaymentmethod accounts_hiddenpaymentme_permission_id_payment_me_e3b59194_uniq; Type: CONSTRAINT; Schema: public; Owner: expenseuser
--

ALTER TABLE ONLY public.accounts_hiddenpaymentmethod
    ADD CONSTRAINT accounts_hiddenpaymentme_permission_id_payment_me_e3b59194_uniq UNIQUE (permission_id, payment_method_id);


--
-- Name: accounts_hiddenpaymentmethod accounts_hiddenpaymentmethod_pkey; Type: CONSTRAINT; Schema: public; Owner: expenseuser
--

ALTER TABLE ONLY public.accounts_hiddenpaymentmethod
    ADD CONSTRAINT accounts_hiddenpaymentmethod_pkey PRIMARY KEY (id);


--
-- Name: accounts_memberpermission accounts_memberpermission_pkey; Type: CONSTRAINT; Schema: public; Owner: expenseuser
--

ALTER TABLE ONLY public.accounts_memberpermission
    ADD CONSTRAINT accounts_memberpermission_pkey PRIMARY KEY (id);


--
-- Name: accounts_memberpermission accounts_memberpermission_user_id_key; Type: CONSTRAINT; Schema: public; Owner: expenseuser
--

ALTER TABLE ONLY public.accounts_memberpermission
    ADD CONSTRAINT accounts_memberpermission_user_id_key UNIQUE (user_id);


--
-- Name: accounts_user_groups accounts_user_groups_pkey; Type: CONSTRAINT; Schema: public; Owner: expenseuser
--

ALTER TABLE ONLY public.accounts_user_groups
    ADD CONSTRAINT accounts_user_groups_pkey PRIMARY KEY (id);


--
-- Name: accounts_user_groups accounts_user_groups_user_id_group_id_59c0b32f_uniq; Type: CONSTRAINT; Schema: public; Owner: expenseuser
--

ALTER TABLE ONLY public.accounts_user_groups
    ADD CONSTRAINT accounts_user_groups_user_id_group_id_59c0b32f_uniq UNIQUE (user_id, group_id);


--
-- Name: accounts_user accounts_user_pkey; Type: CONSTRAINT; Schema: public; Owner: expenseuser
--

ALTER TABLE ONLY public.accounts_user
    ADD CONSTRAINT accounts_user_pkey PRIMARY KEY (id);


--
-- Name: accounts_user_user_permissions accounts_user_user_permi_user_id_permission_id_2ab516c2_uniq; Type: CONSTRAINT; Schema: public; Owner: expenseuser
--

ALTER TABLE ONLY public.accounts_user_user_permissions
    ADD CONSTRAINT accounts_user_user_permi_user_id_permission_id_2ab516c2_uniq UNIQUE (user_id, permission_id);


--
-- Name: accounts_user_user_permissions accounts_user_user_permissions_pkey; Type: CONSTRAINT; Schema: public; Owner: expenseuser
--

ALTER TABLE ONLY public.accounts_user_user_permissions
    ADD CONSTRAINT accounts_user_user_permissions_pkey PRIMARY KEY (id);


--
-- Name: accounts_user accounts_user_username_key; Type: CONSTRAINT; Schema: public; Owner: expenseuser
--

ALTER TABLE ONLY public.accounts_user
    ADD CONSTRAINT accounts_user_username_key UNIQUE (username);


--
-- Name: auth_group auth_group_name_key; Type: CONSTRAINT; Schema: public; Owner: expenseuser
--

ALTER TABLE ONLY public.auth_group
    ADD CONSTRAINT auth_group_name_key UNIQUE (name);


--
-- Name: auth_group_permissions auth_group_permissions_group_id_permission_id_0cd325b0_uniq; Type: CONSTRAINT; Schema: public; Owner: expenseuser
--

ALTER TABLE ONLY public.auth_group_permissions
    ADD CONSTRAINT auth_group_permissions_group_id_permission_id_0cd325b0_uniq UNIQUE (group_id, permission_id);


--
-- Name: auth_group_permissions auth_group_permissions_pkey; Type: CONSTRAINT; Schema: public; Owner: expenseuser
--

ALTER TABLE ONLY public.auth_group_permissions
    ADD CONSTRAINT auth_group_permissions_pkey PRIMARY KEY (id);


--
-- Name: auth_group auth_group_pkey; Type: CONSTRAINT; Schema: public; Owner: expenseuser
--

ALTER TABLE ONLY public.auth_group
    ADD CONSTRAINT auth_group_pkey PRIMARY KEY (id);


--
-- Name: auth_permission auth_permission_content_type_id_codename_01ab375a_uniq; Type: CONSTRAINT; Schema: public; Owner: expenseuser
--

ALTER TABLE ONLY public.auth_permission
    ADD CONSTRAINT auth_permission_content_type_id_codename_01ab375a_uniq UNIQUE (content_type_id, codename);


--
-- Name: auth_permission auth_permission_pkey; Type: CONSTRAINT; Schema: public; Owner: expenseuser
--

ALTER TABLE ONLY public.auth_permission
    ADD CONSTRAINT auth_permission_pkey PRIMARY KEY (id);


--
-- Name: django_admin_log django_admin_log_pkey; Type: CONSTRAINT; Schema: public; Owner: expenseuser
--

ALTER TABLE ONLY public.django_admin_log
    ADD CONSTRAINT django_admin_log_pkey PRIMARY KEY (id);


--
-- Name: django_content_type django_content_type_app_label_model_76bd3d3b_uniq; Type: CONSTRAINT; Schema: public; Owner: expenseuser
--

ALTER TABLE ONLY public.django_content_type
    ADD CONSTRAINT django_content_type_app_label_model_76bd3d3b_uniq UNIQUE (app_label, model);


--
-- Name: django_content_type django_content_type_pkey; Type: CONSTRAINT; Schema: public; Owner: expenseuser
--

ALTER TABLE ONLY public.django_content_type
    ADD CONSTRAINT django_content_type_pkey PRIMARY KEY (id);


--
-- Name: django_migrations django_migrations_pkey; Type: CONSTRAINT; Schema: public; Owner: expenseuser
--

ALTER TABLE ONLY public.django_migrations
    ADD CONSTRAINT django_migrations_pkey PRIMARY KEY (id);


--
-- Name: django_session django_session_pkey; Type: CONSTRAINT; Schema: public; Owner: expenseuser
--

ALTER TABLE ONLY public.django_session
    ADD CONSTRAINT django_session_pkey PRIMARY KEY (session_key);


--
-- Name: expenses_budgetlimit expenses_budgetlimit_category_id_month_7cf2e20e_uniq; Type: CONSTRAINT; Schema: public; Owner: expenseuser
--

ALTER TABLE ONLY public.expenses_budgetlimit
    ADD CONSTRAINT expenses_budgetlimit_category_id_month_7cf2e20e_uniq UNIQUE (category_id, month);


--
-- Name: expenses_budgetlimit expenses_budgetlimit_pkey; Type: CONSTRAINT; Schema: public; Owner: expenseuser
--

ALTER TABLE ONLY public.expenses_budgetlimit
    ADD CONSTRAINT expenses_budgetlimit_pkey PRIMARY KEY (id);


--
-- Name: expenses_category expenses_category_name_key; Type: CONSTRAINT; Schema: public; Owner: expenseuser
--

ALTER TABLE ONLY public.expenses_category
    ADD CONSTRAINT expenses_category_name_key UNIQUE (name);


--
-- Name: expenses_category expenses_category_pkey; Type: CONSTRAINT; Schema: public; Owner: expenseuser
--

ALTER TABLE ONLY public.expenses_category
    ADD CONSTRAINT expenses_category_pkey PRIMARY KEY (id);


--
-- Name: expenses_paymentmethod expenses_paymentmethod_name_key; Type: CONSTRAINT; Schema: public; Owner: expenseuser
--

ALTER TABLE ONLY public.expenses_paymentmethod
    ADD CONSTRAINT expenses_paymentmethod_name_key UNIQUE (name);


--
-- Name: expenses_paymentmethod expenses_paymentmethod_pkey; Type: CONSTRAINT; Schema: public; Owner: expenseuser
--

ALTER TABLE ONLY public.expenses_paymentmethod
    ADD CONSTRAINT expenses_paymentmethod_pkey PRIMARY KEY (id);


--
-- Name: expenses_recurringexpense expenses_recurringexpense_pkey; Type: CONSTRAINT; Schema: public; Owner: expenseuser
--

ALTER TABLE ONLY public.expenses_recurringexpense
    ADD CONSTRAINT expenses_recurringexpense_pkey PRIMARY KEY (id);


--
-- Name: expenses_sharedexpense expenses_sharedexpense_pkey; Type: CONSTRAINT; Schema: public; Owner: expenseuser
--

ALTER TABLE ONLY public.expenses_sharedexpense
    ADD CONSTRAINT expenses_sharedexpense_pkey PRIMARY KEY (id);


--
-- Name: expenses_transaction expenses_transaction_paired_transaction_id_key; Type: CONSTRAINT; Schema: public; Owner: expenseuser
--

ALTER TABLE ONLY public.expenses_transaction
    ADD CONSTRAINT expenses_transaction_paired_transaction_id_key UNIQUE (paired_transaction_id);


--
-- Name: expenses_transaction expenses_transaction_pkey; Type: CONSTRAINT; Schema: public; Owner: expenseuser
--

ALTER TABLE ONLY public.expenses_transaction
    ADD CONSTRAINT expenses_transaction_pkey PRIMARY KEY (id);


--
-- Name: expenses_transactionattachment expenses_transactionattachment_pkey; Type: CONSTRAINT; Schema: public; Owner: expenseuser
--

ALTER TABLE ONLY public.expenses_transactionattachment
    ADD CONSTRAINT expenses_transactionattachment_pkey PRIMARY KEY (id);


--
-- Name: expenses_transactionauditlog expenses_transactionauditlog_pkey; Type: CONSTRAINT; Schema: public; Owner: expenseuser
--

ALTER TABLE ONLY public.expenses_transactionauditlog
    ADD CONSTRAINT expenses_transactionauditlog_pkey PRIMARY KEY (id);


--
-- Name: expenses_transactiontemplate expenses_transactiontemplate_pkey; Type: CONSTRAINT; Schema: public; Owner: expenseuser
--

ALTER TABLE ONLY public.expenses_transactiontemplate
    ADD CONSTRAINT expenses_transactiontemplate_pkey PRIMARY KEY (id);


--
-- Name: expenses_userpreference expenses_userpreference_pkey; Type: CONSTRAINT; Schema: public; Owner: expenseuser
--

ALTER TABLE ONLY public.expenses_userpreference
    ADD CONSTRAINT expenses_userpreference_pkey PRIMARY KEY (id);


--
-- Name: expenses_userpreference expenses_userpreference_user_id_key; Type: CONSTRAINT; Schema: public; Owner: expenseuser
--

ALTER TABLE ONLY public.expenses_userpreference
    ADD CONSTRAINT expenses_userpreference_user_id_key UNIQUE (user_id);


--
-- Name: accounts_hiddenpaymentmethod_permission_id_fc477aae; Type: INDEX; Schema: public; Owner: expenseuser
--

CREATE INDEX accounts_hiddenpaymentmethod_permission_id_fc477aae ON public.accounts_hiddenpaymentmethod USING btree (permission_id);


--
-- Name: accounts_user_groups_group_id_bd11a704; Type: INDEX; Schema: public; Owner: expenseuser
--

CREATE INDEX accounts_user_groups_group_id_bd11a704 ON public.accounts_user_groups USING btree (group_id);


--
-- Name: accounts_user_groups_user_id_52b62117; Type: INDEX; Schema: public; Owner: expenseuser
--

CREATE INDEX accounts_user_groups_user_id_52b62117 ON public.accounts_user_groups USING btree (user_id);


--
-- Name: accounts_user_user_permissions_permission_id_113bb443; Type: INDEX; Schema: public; Owner: expenseuser
--

CREATE INDEX accounts_user_user_permissions_permission_id_113bb443 ON public.accounts_user_user_permissions USING btree (permission_id);


--
-- Name: accounts_user_user_permissions_user_id_e4f0a161; Type: INDEX; Schema: public; Owner: expenseuser
--

CREATE INDEX accounts_user_user_permissions_user_id_e4f0a161 ON public.accounts_user_user_permissions USING btree (user_id);


--
-- Name: accounts_user_username_6088629e_like; Type: INDEX; Schema: public; Owner: expenseuser
--

CREATE INDEX accounts_user_username_6088629e_like ON public.accounts_user USING btree (username varchar_pattern_ops);


--
-- Name: auth_group_name_a6ea08ec_like; Type: INDEX; Schema: public; Owner: expenseuser
--

CREATE INDEX auth_group_name_a6ea08ec_like ON public.auth_group USING btree (name varchar_pattern_ops);


--
-- Name: auth_group_permissions_group_id_b120cbf9; Type: INDEX; Schema: public; Owner: expenseuser
--

CREATE INDEX auth_group_permissions_group_id_b120cbf9 ON public.auth_group_permissions USING btree (group_id);


--
-- Name: auth_group_permissions_permission_id_84c5c92e; Type: INDEX; Schema: public; Owner: expenseuser
--

CREATE INDEX auth_group_permissions_permission_id_84c5c92e ON public.auth_group_permissions USING btree (permission_id);


--
-- Name: auth_permission_content_type_id_2f476e4b; Type: INDEX; Schema: public; Owner: expenseuser
--

CREATE INDEX auth_permission_content_type_id_2f476e4b ON public.auth_permission USING btree (content_type_id);


--
-- Name: django_admin_log_content_type_id_c4bce8eb; Type: INDEX; Schema: public; Owner: expenseuser
--

CREATE INDEX django_admin_log_content_type_id_c4bce8eb ON public.django_admin_log USING btree (content_type_id);


--
-- Name: django_admin_log_user_id_c564eba6; Type: INDEX; Schema: public; Owner: expenseuser
--

CREATE INDEX django_admin_log_user_id_c564eba6 ON public.django_admin_log USING btree (user_id);


--
-- Name: django_session_expire_date_a5c62663; Type: INDEX; Schema: public; Owner: expenseuser
--

CREATE INDEX django_session_expire_date_a5c62663 ON public.django_session USING btree (expire_date);


--
-- Name: django_session_session_key_c0390e0f_like; Type: INDEX; Schema: public; Owner: expenseuser
--

CREATE INDEX django_session_session_key_c0390e0f_like ON public.django_session USING btree (session_key varchar_pattern_ops);


--
-- Name: expenses_budgetlimit_category_id_8702956a; Type: INDEX; Schema: public; Owner: expenseuser
--

CREATE INDEX expenses_budgetlimit_category_id_8702956a ON public.expenses_budgetlimit USING btree (category_id);


--
-- Name: expenses_category_name_319529bb_like; Type: INDEX; Schema: public; Owner: expenseuser
--

CREATE INDEX expenses_category_name_319529bb_like ON public.expenses_category USING btree (name varchar_pattern_ops);


--
-- Name: expenses_paymentmethod_name_e09449d3_like; Type: INDEX; Schema: public; Owner: expenseuser
--

CREATE INDEX expenses_paymentmethod_name_e09449d3_like ON public.expenses_paymentmethod USING btree (name varchar_pattern_ops);


--
-- Name: expenses_recurringexpense_category_id_6bdaf48b; Type: INDEX; Schema: public; Owner: expenseuser
--

CREATE INDEX expenses_recurringexpense_category_id_6bdaf48b ON public.expenses_recurringexpense USING btree (category_id);


--
-- Name: expenses_recurringexpense_payment_method_id_c675cb83; Type: INDEX; Schema: public; Owner: expenseuser
--

CREATE INDEX expenses_recurringexpense_payment_method_id_c675cb83 ON public.expenses_recurringexpense USING btree (payment_method_id);


--
-- Name: expenses_recurringexpense_to_payment_method_id_382f1e13; Type: INDEX; Schema: public; Owner: expenseuser
--

CREATE INDEX expenses_recurringexpense_to_payment_method_id_382f1e13 ON public.expenses_recurringexpense USING btree (to_payment_method_id);


--
-- Name: expenses_sharedexpense_transaction_id_08caa5e2; Type: INDEX; Schema: public; Owner: expenseuser
--

CREATE INDEX expenses_sharedexpense_transaction_id_08caa5e2 ON public.expenses_sharedexpense USING btree (transaction_id);


--
-- Name: expenses_transaction_category_id_9fc142ec; Type: INDEX; Schema: public; Owner: expenseuser
--

CREATE INDEX expenses_transaction_category_id_9fc142ec ON public.expenses_transaction USING btree (category_id);


--
-- Name: expenses_transaction_payment_method_id_5a1c5a8f; Type: INDEX; Schema: public; Owner: expenseuser
--

CREATE INDEX expenses_transaction_payment_method_id_5a1c5a8f ON public.expenses_transaction USING btree (payment_method_id);


--
-- Name: expenses_transaction_to_payment_method_id_a9d0afc9; Type: INDEX; Schema: public; Owner: expenseuser
--

CREATE INDEX expenses_transaction_to_payment_method_id_a9d0afc9 ON public.expenses_transaction USING btree (to_payment_method_id);


--
-- Name: expenses_transactionattachment_transaction_id_8edab4a4; Type: INDEX; Schema: public; Owner: expenseuser
--

CREATE INDEX expenses_transactionattachment_transaction_id_8edab4a4 ON public.expenses_transactionattachment USING btree (transaction_id);


--
-- Name: expenses_transactionauditlog_user_id_5f453da2; Type: INDEX; Schema: public; Owner: expenseuser
--

CREATE INDEX expenses_transactionauditlog_user_id_5f453da2 ON public.expenses_transactionauditlog USING btree (user_id);


--
-- Name: expenses_transactiontemplate_category_id_7738bdf7; Type: INDEX; Schema: public; Owner: expenseuser
--

CREATE INDEX expenses_transactiontemplate_category_id_7738bdf7 ON public.expenses_transactiontemplate USING btree (category_id);


--
-- Name: expenses_transactiontemplate_payment_method_id_b13cc6f4; Type: INDEX; Schema: public; Owner: expenseuser
--

CREATE INDEX expenses_transactiontemplate_payment_method_id_b13cc6f4 ON public.expenses_transactiontemplate USING btree (payment_method_id);


--
-- Name: accounts_hiddenpaymentmethod accounts_hiddenpayme_permission_id_fc477aae_fk_accounts_; Type: FK CONSTRAINT; Schema: public; Owner: expenseuser
--

ALTER TABLE ONLY public.accounts_hiddenpaymentmethod
    ADD CONSTRAINT accounts_hiddenpayme_permission_id_fc477aae_fk_accounts_ FOREIGN KEY (permission_id) REFERENCES public.accounts_memberpermission(id) DEFERRABLE INITIALLY DEFERRED;


--
-- Name: accounts_memberpermission accounts_memberpermission_user_id_d3018dff_fk_accounts_user_id; Type: FK CONSTRAINT; Schema: public; Owner: expenseuser
--

ALTER TABLE ONLY public.accounts_memberpermission
    ADD CONSTRAINT accounts_memberpermission_user_id_d3018dff_fk_accounts_user_id FOREIGN KEY (user_id) REFERENCES public.accounts_user(id) DEFERRABLE INITIALLY DEFERRED;


--
-- Name: accounts_user_groups accounts_user_groups_group_id_bd11a704_fk_auth_group_id; Type: FK CONSTRAINT; Schema: public; Owner: expenseuser
--

ALTER TABLE ONLY public.accounts_user_groups
    ADD CONSTRAINT accounts_user_groups_group_id_bd11a704_fk_auth_group_id FOREIGN KEY (group_id) REFERENCES public.auth_group(id) DEFERRABLE INITIALLY DEFERRED;


--
-- Name: accounts_user_groups accounts_user_groups_user_id_52b62117_fk_accounts_user_id; Type: FK CONSTRAINT; Schema: public; Owner: expenseuser
--

ALTER TABLE ONLY public.accounts_user_groups
    ADD CONSTRAINT accounts_user_groups_user_id_52b62117_fk_accounts_user_id FOREIGN KEY (user_id) REFERENCES public.accounts_user(id) DEFERRABLE INITIALLY DEFERRED;


--
-- Name: accounts_user_user_permissions accounts_user_user_p_permission_id_113bb443_fk_auth_perm; Type: FK CONSTRAINT; Schema: public; Owner: expenseuser
--

ALTER TABLE ONLY public.accounts_user_user_permissions
    ADD CONSTRAINT accounts_user_user_p_permission_id_113bb443_fk_auth_perm FOREIGN KEY (permission_id) REFERENCES public.auth_permission(id) DEFERRABLE INITIALLY DEFERRED;


--
-- Name: accounts_user_user_permissions accounts_user_user_p_user_id_e4f0a161_fk_accounts_; Type: FK CONSTRAINT; Schema: public; Owner: expenseuser
--

ALTER TABLE ONLY public.accounts_user_user_permissions
    ADD CONSTRAINT accounts_user_user_p_user_id_e4f0a161_fk_accounts_ FOREIGN KEY (user_id) REFERENCES public.accounts_user(id) DEFERRABLE INITIALLY DEFERRED;


--
-- Name: auth_group_permissions auth_group_permissio_permission_id_84c5c92e_fk_auth_perm; Type: FK CONSTRAINT; Schema: public; Owner: expenseuser
--

ALTER TABLE ONLY public.auth_group_permissions
    ADD CONSTRAINT auth_group_permissio_permission_id_84c5c92e_fk_auth_perm FOREIGN KEY (permission_id) REFERENCES public.auth_permission(id) DEFERRABLE INITIALLY DEFERRED;


--
-- Name: auth_group_permissions auth_group_permissions_group_id_b120cbf9_fk_auth_group_id; Type: FK CONSTRAINT; Schema: public; Owner: expenseuser
--

ALTER TABLE ONLY public.auth_group_permissions
    ADD CONSTRAINT auth_group_permissions_group_id_b120cbf9_fk_auth_group_id FOREIGN KEY (group_id) REFERENCES public.auth_group(id) DEFERRABLE INITIALLY DEFERRED;


--
-- Name: auth_permission auth_permission_content_type_id_2f476e4b_fk_django_co; Type: FK CONSTRAINT; Schema: public; Owner: expenseuser
--

ALTER TABLE ONLY public.auth_permission
    ADD CONSTRAINT auth_permission_content_type_id_2f476e4b_fk_django_co FOREIGN KEY (content_type_id) REFERENCES public.django_content_type(id) DEFERRABLE INITIALLY DEFERRED;


--
-- Name: django_admin_log django_admin_log_content_type_id_c4bce8eb_fk_django_co; Type: FK CONSTRAINT; Schema: public; Owner: expenseuser
--

ALTER TABLE ONLY public.django_admin_log
    ADD CONSTRAINT django_admin_log_content_type_id_c4bce8eb_fk_django_co FOREIGN KEY (content_type_id) REFERENCES public.django_content_type(id) DEFERRABLE INITIALLY DEFERRED;


--
-- Name: django_admin_log django_admin_log_user_id_c564eba6_fk_accounts_user_id; Type: FK CONSTRAINT; Schema: public; Owner: expenseuser
--

ALTER TABLE ONLY public.django_admin_log
    ADD CONSTRAINT django_admin_log_user_id_c564eba6_fk_accounts_user_id FOREIGN KEY (user_id) REFERENCES public.accounts_user(id) DEFERRABLE INITIALLY DEFERRED;


--
-- Name: expenses_budgetlimit expenses_budgetlimit_category_id_8702956a_fk_expenses_; Type: FK CONSTRAINT; Schema: public; Owner: expenseuser
--

ALTER TABLE ONLY public.expenses_budgetlimit
    ADD CONSTRAINT expenses_budgetlimit_category_id_8702956a_fk_expenses_ FOREIGN KEY (category_id) REFERENCES public.expenses_category(id) DEFERRABLE INITIALLY DEFERRED;


--
-- Name: expenses_recurringexpense expenses_recurringex_category_id_6bdaf48b_fk_expenses_; Type: FK CONSTRAINT; Schema: public; Owner: expenseuser
--

ALTER TABLE ONLY public.expenses_recurringexpense
    ADD CONSTRAINT expenses_recurringex_category_id_6bdaf48b_fk_expenses_ FOREIGN KEY (category_id) REFERENCES public.expenses_category(id) DEFERRABLE INITIALLY DEFERRED;


--
-- Name: expenses_recurringexpense expenses_recurringex_payment_method_id_c675cb83_fk_expenses_; Type: FK CONSTRAINT; Schema: public; Owner: expenseuser
--

ALTER TABLE ONLY public.expenses_recurringexpense
    ADD CONSTRAINT expenses_recurringex_payment_method_id_c675cb83_fk_expenses_ FOREIGN KEY (payment_method_id) REFERENCES public.expenses_paymentmethod(id) DEFERRABLE INITIALLY DEFERRED;


--
-- Name: expenses_recurringexpense expenses_recurringex_to_payment_method_id_382f1e13_fk_expenses_; Type: FK CONSTRAINT; Schema: public; Owner: expenseuser
--

ALTER TABLE ONLY public.expenses_recurringexpense
    ADD CONSTRAINT expenses_recurringex_to_payment_method_id_382f1e13_fk_expenses_ FOREIGN KEY (to_payment_method_id) REFERENCES public.expenses_paymentmethod(id) DEFERRABLE INITIALLY DEFERRED;


--
-- Name: expenses_sharedexpense expenses_sharedexpen_transaction_id_08caa5e2_fk_expenses_; Type: FK CONSTRAINT; Schema: public; Owner: expenseuser
--

ALTER TABLE ONLY public.expenses_sharedexpense
    ADD CONSTRAINT expenses_sharedexpen_transaction_id_08caa5e2_fk_expenses_ FOREIGN KEY (transaction_id) REFERENCES public.expenses_transaction(id) DEFERRABLE INITIALLY DEFERRED;


--
-- Name: expenses_transactiontemplate expenses_transaction_category_id_7738bdf7_fk_expenses_; Type: FK CONSTRAINT; Schema: public; Owner: expenseuser
--

ALTER TABLE ONLY public.expenses_transactiontemplate
    ADD CONSTRAINT expenses_transaction_category_id_7738bdf7_fk_expenses_ FOREIGN KEY (category_id) REFERENCES public.expenses_category(id) DEFERRABLE INITIALLY DEFERRED;


--
-- Name: expenses_transaction expenses_transaction_category_id_9fc142ec_fk_expenses_; Type: FK CONSTRAINT; Schema: public; Owner: expenseuser
--

ALTER TABLE ONLY public.expenses_transaction
    ADD CONSTRAINT expenses_transaction_category_id_9fc142ec_fk_expenses_ FOREIGN KEY (category_id) REFERENCES public.expenses_category(id) DEFERRABLE INITIALLY DEFERRED;


--
-- Name: expenses_transaction expenses_transaction_paired_transaction_i_8d0be226_fk_expenses_; Type: FK CONSTRAINT; Schema: public; Owner: expenseuser
--

ALTER TABLE ONLY public.expenses_transaction
    ADD CONSTRAINT expenses_transaction_paired_transaction_i_8d0be226_fk_expenses_ FOREIGN KEY (paired_transaction_id) REFERENCES public.expenses_transaction(id) DEFERRABLE INITIALLY DEFERRED;


--
-- Name: expenses_transaction expenses_transaction_payment_method_id_5a1c5a8f_fk_expenses_; Type: FK CONSTRAINT; Schema: public; Owner: expenseuser
--

ALTER TABLE ONLY public.expenses_transaction
    ADD CONSTRAINT expenses_transaction_payment_method_id_5a1c5a8f_fk_expenses_ FOREIGN KEY (payment_method_id) REFERENCES public.expenses_paymentmethod(id) DEFERRABLE INITIALLY DEFERRED;


--
-- Name: expenses_transactiontemplate expenses_transaction_payment_method_id_b13cc6f4_fk_expenses_; Type: FK CONSTRAINT; Schema: public; Owner: expenseuser
--

ALTER TABLE ONLY public.expenses_transactiontemplate
    ADD CONSTRAINT expenses_transaction_payment_method_id_b13cc6f4_fk_expenses_ FOREIGN KEY (payment_method_id) REFERENCES public.expenses_paymentmethod(id) DEFERRABLE INITIALLY DEFERRED;


--
-- Name: expenses_transaction expenses_transaction_to_payment_method_id_a9d0afc9_fk_expenses_; Type: FK CONSTRAINT; Schema: public; Owner: expenseuser
--

ALTER TABLE ONLY public.expenses_transaction
    ADD CONSTRAINT expenses_transaction_to_payment_method_id_a9d0afc9_fk_expenses_ FOREIGN KEY (to_payment_method_id) REFERENCES public.expenses_paymentmethod(id) DEFERRABLE INITIALLY DEFERRED;


--
-- Name: expenses_transactionattachment expenses_transaction_transaction_id_8edab4a4_fk_expenses_; Type: FK CONSTRAINT; Schema: public; Owner: expenseuser
--

ALTER TABLE ONLY public.expenses_transactionattachment
    ADD CONSTRAINT expenses_transaction_transaction_id_8edab4a4_fk_expenses_ FOREIGN KEY (transaction_id) REFERENCES public.expenses_transaction(id) DEFERRABLE INITIALLY DEFERRED;


--
-- Name: expenses_transactionauditlog expenses_transaction_user_id_5f453da2_fk_accounts_; Type: FK CONSTRAINT; Schema: public; Owner: expenseuser
--

ALTER TABLE ONLY public.expenses_transactionauditlog
    ADD CONSTRAINT expenses_transaction_user_id_5f453da2_fk_accounts_ FOREIGN KEY (user_id) REFERENCES public.accounts_user(id) DEFERRABLE INITIALLY DEFERRED;


--
-- Name: expenses_userpreference expenses_userpreference_user_id_08efa16a_fk_accounts_user_id; Type: FK CONSTRAINT; Schema: public; Owner: expenseuser
--

ALTER TABLE ONLY public.expenses_userpreference
    ADD CONSTRAINT expenses_userpreference_user_id_08efa16a_fk_accounts_user_id FOREIGN KEY (user_id) REFERENCES public.accounts_user(id) DEFERRABLE INITIALLY DEFERRED;


--
-- PostgreSQL database dump complete
--

\unrestrict iba242nnbVfmeeddQysGc30eiWxTapHqPGU2UlUrc9KiaFe6K9tcCHzitdGUeMb

